team,week,qtr,DriveNumber,GameClock,PlayId,Drpbk,Player,Hurried,PFFHit,PFFPressure
MIN,W1,1,1,14:55,1,1,EDGE A,TRUE,,
MIN,W1,1,1,14:51,2,1,EDGE A,,,
MIN,W1,1,1,14:11,3,1,EDGE A,,,Yes
MIN,W1,1,1,13:34,4,1,EDGE A,,,
MIN,W1,1,1,13:30,5,0,EDGE A,,,
MIN,W1,1,1,12:52,6,1,EDGE A,TRUE,,Yes
MIN,W1,1,3,07:13,7,1,EDGE A,,,
MIN,W1,1,5,03:35,8,0,EDGE A,,,
MIN,W1,1,5,03:03,9,1,EDGE A,,,Yes
MIN,W1,1,5,02:58,10,1,EDGE A,,,
MIN,W1,2,7,14:12,11,1,EDGE A,,,
MIN,W1,2,7,14:07,12,1,EDGE A,,,
MIN,W1,2,7,14:04,13,0,EDGE A,,,
MIN,W1,2,9,11:59,14,0,EDGE A,,,
MIN,W1,2,9,11:17,15,0,EDGE A,,,
MIN,W1,2,9,10:39,16,0,EDGE A,,,
MIN,W1,2,9,09:54,17,0,EDGE A,,,
MIN,W1,2,9,08:52,18,1,EDGE A,,,
MIN,W1,2,13,02:07,19,0,EDGE A,,,
MIN,W1,2,13,01:54,20,1,EDGE A,,,
MIN,W1,2,13,01:48,21,1,EDGE A,TRUE,,
MIN,W1,3,17,13:30,22,0,EDGE A,,,
MIN,W1,3,17,12:51,23,1,EDGE A,,,
MIN,W1,3,17,12:43,24,1,EDGE A,TRUE,,
MIN,W1,3,17,12:37,25,1,EDGE A,TRUE,Yes,Yes
MIN,W1,3,17,12:33,26,1,EDGE A,,,
MIN,W1,3,19,09:42,27,0,EDGE A,,,
MIN,W1,3,19,09:02,28,1,EDGE A,,,
MIN,W1,3,19,08:20,29,1,EDGE A,TRUE,,
MIN,W1,3,19,07:47,30,1,EDGE A,TRUE,,
MIN,W1,3,19,07:44,31,0,EDGE A,,,
MIN,W1,3,19,07:02,32,1,EDGE A,,,
MIN,W1,3,21,00:21,33,1,EDGE A,,,
MIN,W1,4,23,11:29,34,1,EDGE A,,,
MIN,W1,4,23,11:24,35,1,EDGE A,TRUE,,
MIN,W1,4,23,11:20,36,1,EDGE A,,,
MIN,W1,4,23,10:32,37,1,EDGE A,TRUE,,Yes
MIN,W1,4,25,08:27,38,1,EDGE A,,,
MIN,W1,4,27,05:15,39,0,EDGE A,,,
MIN,W1,4,27,04:33,40,0,EDGE A,,,
MIN,W1,4,27,03:52,41,1,EDGE A,TRUE,Yes,Yes
MIN,W2,1,3,08:46,1,1,EDGE A,,,
MIN,W2,1,3,08:16,2,1,EDGE A,,,
MIN,W2,1,3,08:12,3,1,EDGE A,,,
MIN,W2,1,5,06:38,4,0,EDGE A,,,
MIN,W2,1,5,06:04,5,0,EDGE A,,,
MIN,W2,1,5,05:08,6,1,EDGE A,,,
MIN,W2,1,7,00:22,7,1,EDGE A,,,
MIN,W2,2,9,14:02,8,1,EDGE A,,,
MIN,W2,2,9,13:26,9,0,EDGE A,,,
MIN,W2,2,9,12:47,10,1,EDGE A,,,
MIN,W2,2,9,12:17,11,0,EDGE A,,,
MIN,W2,2,9,11:39,12,1,EDGE A,,,Yes
MIN,W2,2,9,11:34,13,1,EDGE A,TRUE,,
MIN,W2,2,11,09:18,14,1,EDGE A,,,
MIN,W2,2,13,07:41,15,0,EDGE A,,,
MIN,W2,2,13,07:04,16,1,EDGE A,,,
MIN,W2,2,13,06:59,17,1,EDGE A,,,
MIN,W2,2,15,05:08,18,1,EDGE A,,,
MIN,W2,2,15,04:30,19,0,EDGE A,,,
MIN,W2,2,15,03:49,20,1,EDGE A,,,
MIN,W2,2,15,03:10,21,1,EDGE A,TRUE,Yes,Yes
MIN,W2,2,15,03:03,22,1,EDGE A,,,
MIN,W2,2,15,03:00,23,1,EDGE A,,,
MIN,W2,2,17,00:22,24,0,EDGE A,,,
MIN,W2,3,18,15:00,25,1,EDGE A,TRUE,,
MIN,W2,3,18,14:54,26,1,EDGE A,,,
MIN,W2,3,18,14:47,27,1,EDGE A,,,
MIN,W2,3,18,14:16,28,0,EDGE A,,,
MIN,W2,3,18,13:40,29,0,EDGE A,,,
MIN,W2,3,18,13:05,30,0,EDGE A,,,
MIN,W2,3,18,12:25,31,1,EDGE A,TRUE,,
MIN,W2,3,18,11:55,32,1,EDGE A,,,
MIN,W2,3,20,08:21,33,1,EDGE A,,,
MIN,W2,3,22,01:24,34,1,EDGE A,,,
MIN,W2,4,24,10:35,35,1,EDGE A,,,Yes
MIN,W2,4,24,10:29,36,0,EDGE A,,,
MIN,W2,4,24,09:49,37,1,EDGE A,TRUE,,
MIN,W2,4,27,04:37,38,0,EDGE A,,,
MIN,W2,4,27,03:53,39,0,EDGE A,,,
MIN,W2,4,27,03:05,40,0,EDGE A,,,
MIN,W3,1,2,07:49,1,1,EDGE A,,,
MIN,W3,1,2,07:09,2,0,EDGE A,,,
MIN,W3,1,2,06:28,3,1,EDGE A,TRUE,,Yes
MIN,W3,1,4,04:55,4,1,EDGE A,,,
MIN,W3,1,4,04:51,5,1,EDGE A,,,
MIN,W3,1,4,04:10,6,1,EDGE A,,,
MIN,W3,1,6,01:20,7,0,EDGE A,,,
MIN,W3,1,6,00:38,8,1,EDGE A,TRUE,,Yes
MIN,W3,2,6,15:00,9,1,EDGE A,,,
MIN,W3,2,8,08:07,10,1,EDGE A,,,
MIN,W3,2,8,04:31,11,1,EDGE A,TRUE,,Yes
MIN,W3,2,10,01:00,12,1,EDGE A,,,
MIN,W3,2,10,00:55,13,1,EDGE A,,,
MIN,W3,2,10,00:50,14,1,EDGE A,,,
MIN,W3,2,10,00:45,15,1,EDGE A,TRUE,,Yes
MIN,W3,2,10,00:40,16,1,EDGE A,,,
MIN,W3,2,10,00:34,17,1,EDGE A,,,
MIN,W3,2,10,00:29,18,1,EDGE A,,,
MIN,W3,2,10,00:22,19,1,EDGE A,TRUE,Yes,Yes
MIN,W3,2,10,00:19,20,1,EDGE A,,,Yes
MIN,W3,2,10,00:13,21,1,EDGE A,TRUE,,Yes
MIN,W3,3,11,15:00,22,0,EDGE A,,,
MIN,W3,3,11,14:21,23,0,EDGE A,,,
MIN,W3,3,11,13:42,24,1,EDGE A,,,
MIN,W3,3,11,13:08,25,0,EDGE A,,,
MIN,W3,3,11,12:29,26,0,EDGE A,,,
MIN,W3,3,11,11:43,27,1,EDGE A,,,
MIN,W3,3,13,05:00,28,1,EDGE A,,,
MIN,W3,4,15,14:14,29,1,EDGE A,TRUE,,Yes
MIN,W3,4,17,06:51,30,0,EDGE A,,,
MIN,W3,4,17,06:16,31,1,EDGE A,,,
MIN,W3,4,17,05:46,32,0,EDGE A,,,
MIN,W3,4,17,05:04,33,1,EDGE A,,,
MIN,W3,4,17,05:02,34,1,EDGE A,,,Yes
MIN,W4,1,1,14:56,1,0,EDGE A,,,
MIN,W4,1,1,14:01,2,0,EDGE A,,,
MIN,W4,1,1,13:23,3,1,EDGE A,,,
MIN,W4,1,3,09:36,4,1,EDGE A,,,
MIN,W4,1,3,09:11,5,1,EDGE A,TRUE,,Yes
MIN,W4,1,3,08:16,6,1,EDGE A,,,
MIN,W4,1,5,06:42,7,0,EDGE A,,,
MIN,W4,1,7,02:11,8,0,EDGE A,,,
MIN,W4,1,7,01:27,9,1,EDGE A,,,
MIN,W4,2,9,13:34,10,0,EDGE A,,,
MIN,W4,2,9,12:54,11,1,EDGE A,,,
MIN,W4,2,9,12:15,12,0,EDGE A,,,
MIN,W4,2,9,11:34,13,1,EDGE A,,,
MIN,W4,2,9,10:53,14,0,EDGE A,,,
MIN,W4,2,11,05:26,15,0,EDGE A,,,
MIN,W4,2,11,05:04,16,0,EDGE A,,,
MIN,W4,2,11,04:21,17,0,EDGE A,,,
MIN,W4,2,13,02:11,18,0,EDGE A,,,
MIN,W4,2,13,02:00,19,1,EDGE A,,,
MIN,W4,2,13,01:53,20,1,EDGE A,,,
MIN,W4,2,13,01:43,21,0,EDGE A,,,
MIN,W4,2,13,01:26,22,1,EDGE A,,,
MIN,W4,2,13,01:20,23,1,EDGE A,TRUE,,Yes
MIN,W4,2,13,00:36,24,1,EDGE A,,,
MIN,W4,2,13,00:21,25,1,EDGE A,,,
MIN,W4,2,13,00:17,26,1,EDGE A,,,
MIN,W4,3,16,12:18,27,0,EDGE A,,,
MIN,W4,3,16,11:33,28,1,EDGE A,,,
MIN,W4,3,16,10:48,29,0,EDGE A,,,
MIN,W4,3,16,10:04,30,1,EDGE A,,,
MIN,W4,3,16,09:33,31,1,EDGE A,TRUE,,
MIN,W4,3,16,08:50,32,1,EDGE A,,,Yes
MIN,W4,3,16,08:07,33,1,EDGE A,TRUE,Yes,Yes
MIN,W4,3,18,02:41,34,1,EDGE A,,,
MIN,W4,4,20,13:23,35,0,EDGE A,,,
MIN,W4,4,20,12:47,36,0,EDGE A,,,
MIN,W4,4,20,12:04,37,1,EDGE A,,,
MIN,W4,4,22,09:36,38,0,EDGE A,,,
MIN,W4,4,22,08:51,39,0,EDGE A,,,
MIN,W4,4,22,08:14,40,1,EDGE A,TRUE,Yes,Yes
MIN,W4,4,22,07:29,41,0,EDGE A,,,
MIN,W4,4,22,06:45,42,0,EDGE A,,,
MIN,W4,4,22,06:02,43,1,EDGE A,,,
MIN,W6,1,1,14:55,1,0,EDGE A,,,
MIN,W6,1,1,14:13,2,0,EDGE A,,,
MIN,W6,1,1,13:45,3,0,EDGE A,,,
MIN,W6,1,1,13:00,4,0,EDGE A,,,
MIN,W6,1,1,12:23,5,1,EDGE A,,,
MIN,W6,1,3,08:46,6,1,EDGE A,,,
MIN,W6,1,3,07:36,7,1,EDGE A,,,
MIN,W6,1,3,07:32,8,0,EDGE A,,,
MIN,W6,1,5,02:23,9,1,EDGE A,TRUE,,
MIN,W6,2,7,14:22,10,0,EDGE A,,,
MIN,W6,2,7,13:52,11,1,EDGE A,,,
MIN,W6,2,7,13:17,12,0,EDGE A,,,
MIN,W6,2,7,12:38,13,0,EDGE A,,,
MIN,W6,2,7,11:56,14,0,EDGE A,,,
MIN,W6,2,7,11:20,15,1,EDGE A,,,
MIN,W6,2,7,10:41,16,0,EDGE A,,,
MIN,W6,2,7,09:58,17,0,EDGE A,,,
MIN,W6,2,7,09:18,18,0,EDGE A,,,
MIN,W6,2,7,08:41,19,1,EDGE A,,,
MIN,W6,2,9,04:09,20,0,EDGE A,,,
MIN,W6,2,9,03:33,21,0,EDGE A,,,
MIN,W6,2,9,02:43,22,1,EDGE A,,,
MIN,W6,2,9,02:00,23,1,EDGE A,,,
MIN,W6,2,9,01:54,24,1,EDGE A,,,
MIN,W6,2,9,01:49,25,1,EDGE A,TRUE,,
MIN,W6,2,11,00:21,26,0,EDGE A,,,
MIN,W6,3,13,11:04,27,1,EDGE A,,,
MIN,W6,3,13,10:59,28,0,EDGE A,,,
MIN,W6,3,13,10:17,29,1,EDGE A,,,
MIN,W6,3,15,07:20,30,1,EDGE A,,,
MIN,W6,3,15,06:36,31,0,EDGE A,,,
MIN,W6,3,17,01:29,32,0,EDGE A,,,
MIN,W6,3,17,00:41,33,0,EDGE A,,,
MIN,W6,4,19,12:29,34,1,EDGE A,,,
MIN,W6,4,21,11:04,35,0,EDGE A,,,
MIN,W6,4,23,03:21,36,1,EDGE A,TRUE,,
MIN,W6,4,23,03:16,37,1,EDGE A,,,
MIN,W6,4,23,03:12,38,1,EDGE A,TRUE,,
MIN,W6,4,25,01:40,39,1,EDGE A,,,Yes
MIN,W6,4,25,01:36,40,1,EDGE A,,,
MIN,W6,4,25,01:27,41,1,EDGE A,,,Yes
MIN,W6,4,25,01:04,42,1,EDGE A,,,
MIN,W6,4,25,01:00,43,1,EDGE A,,,
MIN,W6,4,25,00:49,44,1,EDGE A,TRUE,Yes,Yes
MIN,W6,4,25,00:45,45,0,EDGE A,,,
MIN,W6,4,25,00:10,46,0,EDGE A,,,
MIN,W7,1,2,14:03,1,0,EDGE A,,,
MIN,W7,1,2,13:40,2,0,EDGE A,,,
MIN,W7,1,2,12:58,3,1,EDGE A,,,
MIN,W7,1,2,12:31,4,1,EDGE A,,,
MIN,W7,1,2,12:28,5,0,EDGE A,,,
MIN,W7,1,2,11:47,6,1,EDGE A,,,
MIN,W7,1,4,10:54,7,0,EDGE A,,,
MIN,W7,1,4,10:19,8,0,EDGE A,,,
MIN,W7,1,4,09:55,9,0,EDGE A,,,
MIN,W7,1,6,05:53,10,0,EDGE A,,,
MIN,W7,1,6,05:17,11,0,EDGE A,,,
MIN,W7,1,6,04:34,12,1,EDGE A,,,
MIN,W7,1,8,02:51,13,0,EDGE A,,,
MIN,W7,1,8,02:16,14,0,EDGE A,,,
MIN,W7,1,8,01:34,15,1,EDGE A,TRUE,,Yes
MIN,W7,2,10,12:11,16,0,EDGE A,,,
MIN,W7,2,10,10:57,17,1,EDGE A,,,
MIN,W7,2,12,08:38,18,0,EDGE A,,,
MIN,W7,2,12,07:54,19,1,EDGE A,,,
MIN,W7,2,12,07:07,20,1,EDGE A,,,Yes
MIN,W7,2,12,04:27,21,1,EDGE A,,,Yes
MIN,W7,2,12,03:57,22,1,EDGE A,,,
MIN,W7,2,14,01:54,23,1,EDGE A,TRUE,,
MIN,W7,2,14,01:50,24,1,EDGE A,TRUE,,Yes
MIN,W7,2,15,01:38,25,0,EDGE A,,,
MIN,W7,2,15,01:34,26,0,EDGE A,,,
MIN,W7,2,15,01:30,27,1,EDGE A,,,
MIN,W7,3,17,14:55,28,0,EDGE A,,,
MIN,W7,3,17,14:20,29,0,EDGE A,,,
MIN,W7,3,17,13:36,30,1,EDGE A,,,
MIN,W7,3,19,11:46,31,0,EDGE A,,,
MIN,W7,3,19,11:05,32,1,EDGE A,,,
MIN,W7,3,19,10:30,33,1,EDGE A,,,
MIN,W7,3,21,09:23,34,1,EDGE A,,,
MIN,W7,3,21,08:40,35,0,EDGE A,,,
MIN,W7,3,21,08:11,36,0,EDGE A,,,
MIN,W7,3,21,07:33,37,0,EDGE A,,,
MIN,W7,3,21,06:53,38,0,EDGE A,,,
MIN,W7,3,23,02:18,39,0,EDGE A,,,
MIN,W7,3,23,01:50,40,0,EDGE A,,,
MIN,W7,3,23,01:09,41,1,EDGE A,,,
MIN,W7,3,23,00:42,42,0,EDGE A,,,
MIN,W7,4,23,15:00,43,1,EDGE A,,,Yes
MIN,W7,4,23,14:55,44,1,EDGE A,,,
MIN,W7,4,25,11:06,45,0,EDGE A,,,
MIN,W7,4,25,10:29,46,0,EDGE A,,,
MIN,W7,4,25,09:44,47,0,EDGE A,,,
MIN,W7,4,29,03:39,48,0,EDGE A,,,
MIN,W7,4,29,03:34,49,0,EDGE A,,,
MIN,W7,4,29,03:31,50,0,EDGE A,,,
MIN,W7,4,31,00:15,51,1,EDGE A,TRUE,,
MIN,W7,4,31,00:09,52,1,EDGE A,TRUE,,
SEA,W1,1,2,13:15,1,1,EDGE B,,,
SEA,W1,1,2,12:35,2,0,EDGE B,,,
SEA,W1,1,2,12:09,3,0,EDGE B,,,
SEA,W1,1,2,11:34,4,1,EDGE B,,,
SEA,W1,1,2,10:50,5,0,EDGE B,,,
SEA,W1,1,2,10:14,6,0,EDGE B,,,
SEA,W1,1,4,08:00,7,0,EDGE B,,,
SEA,W1,1,4,07:20,8,1,EDGE B,,,
SEA,W1,1,4,06:14,9,1,EDGE B,,,
SEA,W1,1,4,05:36,10,1,EDGE B,,,
SEA,W1,1,4,05:32,11,1,EDGE B,TRUE,Yes,Yes
SEA,W1,1,6,03:05,12,1,EDGE B,TRUE,,
SEA,W1,1,6,02:36,13,0,EDGE B,,,
SEA,W1,1,6,02:01,14,1,EDGE B,,,
SEA,W1,1,6,01:57,15,0,EDGE B,,,
SEA,W1,1,6,01:17,16,0,EDGE B,,,
SEA,W1,1,6,00:37,17,1,EDGE B,,,
SEA,W1,2,6,15:00,18,1,EDGE B,,,
SEA,W1,2,6,14:17,19,0,EDGE B,,,
SEA,W1,2,6,13:36,20,1,EDGE B,,,
SEA,W1,2,8,10:32,21,1,EDGE B,,,
SEA,W1,2,8,09:52,22,0,EDGE B,,,
SEA,W1,2,8,09:10,23,1,EDGE B,TRUE,,Yes
SEA,W1,2,8,08:32,24,1,EDGE B,,,
SEA,W1,2,10,06:53,25,1,EDGE B,,,
SEA,W1,2,10,06:19,26,1,EDGE B,,,Yes
SEA,W1,2,10,06:13,27,1,EDGE B,,,
SEA,W1,2,10,02:00,28,1,EDGE B,,,
SEA,W1,2,10,01:55,29,1,EDGE B,,,
SEA,W1,2,10,01:50,30,1,EDGE B,TRUE,,
SEA,W1,2,12,00:09,31,0,EDGE B,,,
SEA,W1,3,13,15:00,32,1,EDGE B,,,
SEA,W1,3,13,14:15,33,0,EDGE B,,,
SEA,W1,3,15,12:00,34,1,EDGE B,TRUE,Yes,Yes
SEA,W1,3,15,11:19,35,0,EDGE B,,,
SEA,W1,3,15,10:34,36,0,EDGE B,,,
SEA,W1,3,15,09:52,37,1,EDGE B,,,
SEA,W1,3,15,07:51,38,1,EDGE B,TRUE,,Yes
SEA,W1,3,17,05:42,39,1,EDGE B,TRUE,,Yes
SEA,W1,4,19,15:00,40,1,EDGE B,,,
SEA,W1,4,19,14:19,41,0,EDGE B,,,
SEA,W1,4,19,13:38,42,0,EDGE B,,,
SEA,W1,4,19,12:56,43,1,EDGE B,,,
SEA,W1,4,21,07:50,44,1,EDGE B,,,
SEA,W1,4,21,07:03,45,0,EDGE B,,,
SEA,W1,4,21,06:21,46,0,EDGE B,,,
SEA,W1,4,21,05:37,47,1,EDGE B,,,
SEA,W2,1,1,15:00,1,1,EDGE B,,,
SEA,W2,1,2,14:51,2,0,EDGE B,,,
SEA,W2,1,2,14:12,3,1,EDGE B,,,
SEA,W2,1,2,13:34,4,1,EDGE B,,,
SEA,W2,1,2,13:00,5,0,EDGE B,,,
SEA,W2,1,2,12:21,6,1,EDGE B,,,
SEA,W2,1,2,11:42,7,1,EDGE B,,,
SEA,W2,1,2,11:17,8,1,EDGE B,,,
SEA,W2,1,2,08:55,9,1,EDGE B,,,
SEA,W2,1,4,08:07,10,1,EDGE B,TRUE,,
SEA,W2,1,4,07:28,11,1,EDGE B,,,
SEA,W2,1,4,06:47,12,1,EDGE B,TRUE,,
SEA,W2,1,6,04:14,13,0,EDGE B,,,
SEA,W2,1,6,03:35,14,0,EDGE B,,,
SEA,W2,1,6,02:56,15,1,EDGE B,,,
SEA,W2,1,6,02:41,16,0,EDGE B,,,
SEA,W2,1,6,01:59,17,0,EDGE B,,,
SEA,W2,1,6,01:17,18,0,EDGE B,,,
SEA,W2,1,6,00:32,19,1,EDGE B,TRUE,,
SEA,W2,1,6,00:25,20,0,EDGE B,,,
SEA,W2,1,8,00:08,21,0,EDGE B,,,
SEA,W2,2,8,15:00,22,1,EDGE B,,,
SEA,W2,2,8,14:27,23,0,EDGE B,,,
SEA,W2,2,8,14:09,24,1,EDGE B,,,
SEA,W2,2,10,10:51,25,1,EDGE B,TRUE,Yes,Yes
SEA,W2,2,12,09:11,26,0,EDGE B,,,
SEA,W2,2,12,08:37,27,0,EDGE B,,,
SEA,W2,2,12,07:55,28,1,EDGE B,,,
SEA,W2,2,14,06:05,29,1,EDGE B,TRUE,Yes,Yes
SEA,W2,2,14,06:02,30,0,EDGE B,,,
SEA,W2,2,14,05:22,31,1,EDGE B,,,Yes
SEA,W2,2,16,02:18,32,1,EDGE B,,,Yes
SEA,W2,2,16,02:00,33,1,EDGE B,,,
SEA,W2,2,16,01:55,34,1,EDGE B,,,
SEA,W2,2,16,01:43,35,0,EDGE B,,,
SEA,W2,2,16,01:08,36,1,EDGE B,,,
SEA,W2,2,16,01:03,37,1,EDGE B,TRUE,,Yes
SEA,W2,3,19,11:47,38,1,EDGE B,,,
SEA,W2,3,19,11:07,39,0,EDGE B,,,
SEA,W2,3,19,10:43,40,0,EDGE B,,,
SEA,W2,3,19,10:05,41,0,EDGE B,,,
SEA,W2,3,21,05:51,42,1,EDGE B,,,
SEA,W2,3,21,05:16,43,1,EDGE B,,,
SEA,W2,3,21,05:07,44,0,EDGE B,,,
SEA,W2,3,21,04:51,45,1,EDGE B,,,
SEA,W2,3,23,01:11,46,0,EDGE B,,,
SEA,W2,3,23,00:35,47,1,EDGE B,,,
SEA,W2,4,23,15:00,48,1,EDGE B,,,
SEA,W2,4,23,14:38,49,0,EDGE B,,,
SEA,W2,4,23,14:00,50,1,EDGE B,,,
SEA,W2,4,23,11:28,51,0,EDGE B,,,
SEA,W2,4,23,10:46,52,1,EDGE B,,,
SEA,W2,4,25,09:01,53,0,EDGE B,,,
SEA,W2,4,25,08:24,54,1,EDGE B,,,
SEA,W2,4,25,08:18,55,1,EDGE B,,,
SEA,W2,4,25,07:50,56,0,EDGE B,,,
SEA,W2,4,25,07:06,57,1,EDGE B,TRUE,,
SEA,W2,4,26,04:51,58,1,EDGE B,,,
SEA,W2,4,28,02:55,59,1,EDGE B,,,
SEA,W2,4,28,02:49,60,1,EDGE B,,,
SEA,W2,4,28,02:44,61,1,EDGE B,TRUE,Yes,Yes
SEA,W2,4,28,02:19,62,1,EDGE B,,,
SEA,W2,4,28,02:00,63,1,EDGE B,,,
SEA,W2,4,28,01:53,64,1,EDGE B,TRUE,,
SEA,W2,4,28,01:05,65,1,EDGE B,,,Yes
SEA,W3,1,2,12:56,1,1,EDGE B,,,
SEA,W3,1,2,12:24,2,0,EDGE B,,,
SEA,W3,1,2,11:45,3,1,EDGE B,,,
SEA,W3,1,4,10:27,4,1,EDGE B,,,
SEA,W3,1,4,09:49,5,0,EDGE B,,,
SEA,W3,1,4,09:08,6,1,EDGE B,,,
SEA,W3,1,4,08:36,7,0,EDGE B,,,
SEA,W3,1,4,07:53,8,1,EDGE B,,,
SEA,W3,1,4,07:31,9,0,EDGE B,,,
SEA,W3,1,4,07:10,10,1,EDGE B,,,
SEA,W3,1,6,06:12,11,1,EDGE B,TRUE,,Yes
SEA,W3,1,6,05:27,12,1,EDGE B,,,
SEA,W3,1,6,04:47,13,1,EDGE B,,,
SEA,W3,2,8,12:33,14,1,EDGE B,,,
SEA,W3,2,8,12:27,15,1,EDGE B,TRUE,Yes,Yes
SEA,W3,2,10,08:33,16,0,EDGE B,,,
SEA,W3,2,10,08:00,17,1,EDGE B,,,
SEA,W3,2,10,07:53,18,1,EDGE B,TRUE,,
SEA,W3,2,12,01:56,19,0,EDGE B,,,
SEA,W3,2,12,01:36,20,1,EDGE B,,,
SEA,W3,2,12,01:17,21,1,EDGE B,,,
SEA,W3,2,12,00:56,22,1,EDGE B,,,
SEA,W3,2,12,00:52,23,1,EDGE B,TRUE,,Yes
SEA,W3,3,14,15:00,24,1,EDGE B,TRUE,,
SEA,W3,3,14,14:55,25,1,EDGE B,,,
SEA,W3,3,14,14:48,26,1,EDGE B,,,
SEA,W3,3,16,09:28,27,0,EDGE B,,,
SEA,W3,3,16,08:55,28,0,EDGE B,,,
SEA,W3,3,16,08:13,29,1,EDGE B,,,
SEA,W3,3,16,07:28,30,1,EDGE B,,,
SEA,W3,3,16,07:25,31,1,EDGE B,,,Yes
SEA,W3,3,18,02:09,32,1,EDGE B,,,
SEA,W3,3,18,01:43,33,1,EDGE B,,,
SEA,W3,3,18,01:10,34,1,EDGE B,,,
SEA,W3,4,18,13:54,35,1,EDGE B,,,
SEA,W3,4,18,13:18,36,1,EDGE B,,,
SEA,W3,4,20,11:32,37,1,EDGE B,,,
SEA,W3,4,20,10:52,38,1,EDGE B,,,
SEA,W3,4,20,10:14,39,1,EDGE B,,,
SEA,W3,4,20,09:45,40,0,EDGE B,,,
SEA,W3,4,20,09:23,41,0,EDGE B,,,
SEA,W3,4,20,09:02,42,0,EDGE B,,,
SEA,W3,4,20,08:35,43,1,EDGE B,TRUE,,
SEA,W3,4,20,07:23,44,1,EDGE B,,,
SEA,W3,4,20,06:55,45,1,EDGE B,,,
SEA,W3,4,20,06:26,46,0,EDGE B,,,
SEA,W3,4,20,05:44,47,1,EDGE B,,,
SEA,W3,4,22,04:35,48,1,EDGE B,,,
SEA,W3,4,22,04:08,49,1,EDGE B,,,
SEA,W3,4,22,04:04,50,1,EDGE B,,,
SEA,W3,4,22,03:59,51,1,EDGE B,,,Yes
SEA,W3,4,22,03:52,52,0,EDGE B,,,
SEA,W3,4,22,03:11,53,1,EDGE B,,,Yes
SEA,W3,4,22,02:35,54,1,EDGE B,,,
SEA,W3,4,22,02:31,55,1,EDGE B,TRUE,,
SEA,W3,4,24,00:12,56,1,EDGE B,,,
SEA,W4,1,1,14:54,1,1,EDGE B,,,
SEA,W4,1,1,14:50,2,0,EDGE B,,,
SEA,W4,1,1,14:19,3,0,EDGE B,,,
SEA,W4,1,1,13:37,4,1,EDGE B,,,
SEA,W4,1,1,13:03,5,0,EDGE B,,,
SEA,W4,1,1,12:23,6,1,EDGE B,,,
SEA,W4,1,1,11:47,7,0,EDGE B,,,
SEA,W4,1,1,11:07,8,0,EDGE B,,,
SEA,W4,1,1,10:29,9,1,EDGE B,,,
SEA,W4,1,1,10:08,10,0,EDGE B,,,
SEA,W4,1,1,09:20,11,0,EDGE B,,,
SEA,W4,1,1,08:58,12,1,EDGE B,,,
SEA,W4,1,3,04:46,13,0,EDGE B,,,
SEA,W4,1,3,04:18,14,0,EDGE B,,,
SEA,W4,1,3,03:42,15,1,EDGE B,,,
SEA,W4,1,3,03:34,16,0,EDGE B,,,
SEA,W4,1,3,02:57,17,1,EDGE B,,,
SEA,W4,1,3,02:10,18,0,EDGE B,,,
SEA,W4,1,3,01:28,19,1,EDGE B,TRUE,,
SEA,W4,2,5,12:17,20,1,EDGE B,,,
SEA,W4,2,7,10:37,21,1,EDGE B,,,
SEA,W4,2,7,09:57,22,1,EDGE B,,,
SEA,W4,2,7,09:18,23,0,EDGE B,,,
SEA,W4,2,7,08:41,24,1,EDGE B,,,
SEA,W4,2,7,07:55,25,0,EDGE B,,,
SEA,W4,2,7,07:09,26,1,EDGE B,TRUE,Yes,Yes
SEA,W4,2,9,04:26,27,0,EDGE B,,,
SEA,W4,2,9,04:07,28,1,EDGE B,,,
SEA,W4,2,9,03:26,29,0,EDGE B,,,
SEA,W4,2,9,02:49,30,0,EDGE B,,,
SEA,W4,2,9,02:10,31,1,EDGE B,TRUE,,
SEA,W4,2,11,00:41,32,1,EDGE B,,,
SEA,W4,2,11,00:22,33,0,EDGE B,,,
SEA,W4,2,11,00:21,34,1,EDGE B,,,
SEA,W4,2,11,00:05,35,0,EDGE B,,,
SEA,W4,3,13,09:31,36,0,EDGE B,,,
SEA,W4,3,13,08:58,37,1,EDGE B,,,
SEA,W4,3,13,08:55,38,1,EDGE B,,,Yes
SEA,W4,3,15,05:47,39,1,EDGE B,,,
SEA,W4,3,15,05:26,40,0,EDGE B,,,
SEA,W4,3,15,04:56,41,1,EDGE B,,,
SEA,W4,3,15,04:54,42,1,EDGE B,TRUE,,
SEA,W4,3,17,01:10,43,0,EDGE B,,,
SEA,W4,3,17,00:54,44,0,EDGE B,,,
SEA,W4,3,17,00:14,45,1,EDGE B,,,Yes
SEA,W4,4,17,15:00,46,0,EDGE B,,,
SEA,W4,4,17,14:25,47,0,EDGE B,,,
SEA,W4,4,17,13:41,48,1,EDGE B,,,
SEA,W4,4,17,12:59,49,0,EDGE B,,,
SEA,W4,4,17,12:17,50,0,EDGE B,,,
SEA,W4,4,17,11:36,51,0,EDGE B,,,
SEA,W4,4,17,10:54,52,1,EDGE B,TRUE,,
SEA,W4,4,19,08:04,53,1,EDGE B,,,
SEA,W4,4,19,07:24,54,0,EDGE B,,,
SEA,W4,4,19,06:43,55,0,EDGE B,,,
SEA,W4,4,19,05:59,56,0,EDGE B,,,
SEA,W4,4,19,05:17,57,0,EDGE B,,,
SEA,W4,4,19,04:35,58,0,EDGE B,,,
SEA,W4,4,19,03:51,59,1,EDGE B,,,
SEA,W4,4,19,03:46,60,1,EDGE B,,,
SEA,W5,1,1,15:00,1,1,EDGE B,,,
SEA,W5,1,1,14:26,2,0,EDGE B,,,
SEA,W5,1,1,13:41,3,0,EDGE B,,,
SEA,W5,1,1,12:58,4,1,EDGE B,TRUE,,
SEA,W5,1,1,12:53,5,1,EDGE B,,,
SEA,W5,1,1,12:49,6,1,EDGE B,,,
SEA,W5,1,3,09:12,7,0,EDGE B,,,
SEA,W5,1,3,08:38,8,1,EDGE B,,,
SEA,W5,1,3,08:00,9,1,EDGE B,,,
SEA,W5,1,3,06:24,10,1,EDGE B,,,
SEA,W5,1,3,06:20,11,0,EDGE B,,,
SEA,W5,1,5,04:45,12,1,EDGE B,,,
SEA,W5,1,5,04:09,13,1,EDGE B,,,
SEA,W5,1,5,03:32,14,1,EDGE B,,,
SEA,W5,1,5,02:47,15,0,EDGE B,,,
SEA,W5,1,5,02:07,16,1,EDGE B,,,
SEA,W5,1,5,01:41,17,0,EDGE B,,,
SEA,W5,1,5,01:00,18,1,EDGE B,,,
SEA,W5,1,5,00:34,19,0,EDGE B,,,
SEA,W5,2,5,15:00,20,1,EDGE B,,,
SEA,W5,2,5,14:29,21,1,EDGE B,,,
SEA,W5,2,5,13:55,22,0,EDGE B,,,
SEA,W5,2,5,13:14,23,1,EDGE B,,,
SEA,W5,2,5,12:34,24,1,EDGE B,,,
SEA,W5,2,5,12:30,25,1,EDGE B,,,
SEA,W5,2,7,05:41,26,1,EDGE B,,,
SEA,W5,2,9,03:16,27,1,EDGE B,,,
SEA,W5,2,9,02:38,28,1,EDGE B,,,
SEA,W5,2,9,02:31,29,0,EDGE B,,,
SEA,W5,2,9,02:00,30,1,EDGE B,,,
SEA,W5,2,9,01:53,31,1,EDGE B,TRUE,,Yes
SEA,W5,2,9,01:13,32,0,EDGE B,,,
SEA,W5,2,9,01:07,33,1,EDGE B,,,
SEA,W5,2,9,00:54,34,1,EDGE B,,,
SEA,W5,2,9,00:50,35,1,EDGE B,TRUE,,
SEA,W5,2,9,00:45,36,1,EDGE B,,,
SEA,W5,2,9,00:19,37,1,EDGE B,TRUE,,Yes
SEA,W5,3,12,13:05,38,0,EDGE B,,,
SEA,W5,3,12,12:29,39,1,EDGE B,,,
SEA,W5,3,12,11:47,40,1,EDGE B,,,
SEA,W5,3,12,11:41,41,0,EDGE B,,,
SEA,W5,3,12,10:58,42,1,EDGE B,,,Yes
SEA,W5,3,14,04:02,43,1,EDGE B,TRUE,,Yes
SEA,W5,4,16,13:15,44,0,EDGE B,,,
SEA,W5,4,16,12:40,45,1,EDGE B,,,
SEA,W5,4,16,11:58,46,0,EDGE B,,,
SEA,W5,4,18,07:10,47,1,EDGE B,,,
SEA,W5,4,18,07:03,48,1,EDGE B,,,
SEA,W5,4,18,06:23,49,0,EDGE B,,,
SEA,W5,4,19,05:33,50,0,EDGE B,,,
SEA,W5,4,19,04:55,51,1,EDGE B,,,
SEA,W5,4,19,04:10,52,1,EDGE B,,,
SEA,W5,4,21,01:17,53,1,EDGE B,,,
SEA,W5,4,21,01:12,54,1,EDGE B,TRUE,,
SEA,W5,4,23,00:49,55,1,EDGE B,,,
SEA,W5,4,23,00:35,56,1,EDGE B,,,
SEA,W5,4,23,00:26,57,1,EDGE B,,,
SEA,W5,4,23,00:20,58,1,EDGE B,TRUE,,Yes
SEA,W7,1,2,13:38,1,1,EDGE B,,,
SEA,W7,1,2,13:35,2,0,EDGE B,,,
SEA,W7,1,2,12:52,3,0,EDGE B,,,
SEA,W7,1,2,12:09,4,1,EDGE B,,,
SEA,W7,1,2,11:35,5,1,EDGE B,TRUE,,Yes
SEA,W7,1,4,07:28,6,1,EDGE B,,,
SEA,W7,1,4,07:24,7,0,EDGE B,,,
SEA,W7,1,4,06:49,8,0,EDGE B,,,
SEA,W7,1,4,06:28,9,1,EDGE B,,,
SEA,W7,1,4,05:45,10,0,EDGE B,,,
SEA,W7,1,4,04:19,11,0,EDGE B,,,
SEA,W7,2,6,14:51,12,0,EDGE B,,,
SEA,W7,2,6,14:07,13,0,EDGE B,,,
SEA,W7,2,6,13:45,14,1,EDGE B,,,
SEA,W7,2,6,13:06,15,1,EDGE B,,,
SEA,W7,2,6,12:05,16,1,EDGE B,,,
SEA,W7,2,8,10:07,17,0,EDGE B,,,
SEA,W7,2,8,09:20,18,1,EDGE B,TRUE,,
SEA,W7,2,8,08:37,19,1,EDGE B,,,
SEA,W7,2,8,08:12,20,1,EDGE B,,,
SEA,W7,2,8,07:27,21,0,EDGE B,,,
SEA,W7,2,8,06:46,22,0,EDGE B,,,
SEA,W7,2,8,06:04,23,1,EDGE B,,,
SEA,W7,2,10,02:24,24,1,EDGE B,,,
SEA,W7,2,10,02:00,25,0,EDGE B,,,
SEA,W7,2,10,01:15,26,0,EDGE B,,,
SEA,W7,2,10,00:35,27,0,EDGE B,,,
SEA,W7,2,10,00:31,28,1,EDGE B,,,
SEA,W7,2,10,00:25,29,1,EDGE B,,,
SEA,W7,3,12,14:54,30,1,EDGE B,,,
SEA,W7,3,14,13:19,31,0,EDGE B,,,
SEA,W7,3,14,12:38,32,0,EDGE B,,,
SEA,W7,3,14,11:50,33,1,EDGE B,,,
SEA,W7,3,14,10:44,34,1,EDGE B,,,
SEA,W7,3,14,10:00,35,0,EDGE B,,,
SEA,W7,3,14,09:21,36,1,EDGE B,,,
SEA,W7,3,14,09:00,37,0,EDGE B,,,
SEA,W7,3,16,07:16,38,0,EDGE B,,,
SEA,W7,3,16,06:37,39,0,EDGE B,,,
SEA,W7,3,16,06:09,40,1,EDGE B,,,
SEA,W7,3,16,05:10,41,1,EDGE B,,,
SEA,W7,3,16,04:38,42,0,EDGE B,,,
SEA,W7,3,16,03:54,43,0,EDGE B,,,
SEA,W7,3,16,02:50,44,1,EDGE B,,,
SEA,W7,3,16,02:01,45,0,EDGE B,,,
SEA,W7,3,16,01:37,46,1,EDGE B,,,
SEA,W7,3,16,01:33,47,1,EDGE B,TRUE,,
SEA,W7,4,20,07:14,48,0,EDGE B,,,
SEA,W7,4,20,06:42,49,0,EDGE B,,,
SEA,W7,4,20,05:59,50,1,EDGE B,,,
SEA,W7,4,20,05:52,51,1,EDGE B,,,Yes
SEA,W7,4,20,05:46,52,1,EDGE B,TRUE,,
WAS,W1,1,2,09:22,1,1,EDGE C,,,
WAS,W1,1,2,08:39,2,1,EDGE C,,,
WAS,W1,1,2,08:08,3,0,EDGE C,,,
WAS,W1,1,2,07:37,4,0,EDGE C,,,
WAS,W1,1,2,06:56,5,1,EDGE C,,,
WAS,W1,1,2,06:25,6,1,EDGE C,TRUE,Yes,Yes
WAS,W1,1,2,05:42,7,0,EDGE C,,,
WAS,W1,1,2,05:04,8,1,EDGE C,,,
WAS,W1,1,2,04:19,9,1,EDGE C,,,
WAS,W1,1,2,03:39,10,0,EDGE C,,,
WAS,W1,1,2,03:01,11,0,EDGE C,,,
WAS,W1,1,2,02:12,12,1,EDGE C,,,Yes
WAS,W1,1,2,01:24,13,0,EDGE C,,,
WAS,W1,1,2,00:50,14,1,EDGE C,,,Yes
WAS,W1,2,4,10:54,15,0,EDGE C,,,
WAS,W1,2,4,10:12,16,0,EDGE C,,,
WAS,W1,2,4,09:28,17,1,EDGE C,,,
WAS,W1,2,4,08:52,18,0,EDGE C,,,
WAS,W1,2,4,08:18,19,1,EDGE C,,,
WAS,W1,2,4,06:55,20,1,EDGE C,TRUE,,Yes
WAS,W1,2,4,06:11,21,1,EDGE C,,,
WAS,W1,2,4,05:32,22,0,EDGE C,,,
WAS,W1,2,6,02:30,23,1,EDGE C,,,
WAS,W1,2,6,02:01,24,1,EDGE C,,,
WAS,W1,2,6,01:56,25,1,EDGE C,,,
WAS,W1,2,6,01:35,26,1,EDGE C,,,
WAS,W1,2,6,01:29,27,1,EDGE C,,,
WAS,W1,2,6,01:00,28,1,EDGE C,,,
WAS,W1,2,6,00:33,29,1,EDGE C,,,
WAS,W1,2,6,00:19,30,0,EDGE C,,,
WAS,W1,2,6,00:18,31,1,EDGE C,,,
WAS,W1,3,8,14:56,32,0,EDGE C,,,
WAS,W1,3,8,14:10,33,1,EDGE C,,,
WAS,W1,3,8,14:05,34,0,EDGE C,,,
WAS,W1,3,8,13:21,35,0,EDGE C,,,
WAS,W1,3,8,12:38,36,1,EDGE C,,,
WAS,W1,3,8,12:24,37,0,EDGE C,,,
WAS,W1,3,8,11:36,38,0,EDGE C,,,
WAS,W1,3,8,10:54,39,0,EDGE C,,,
WAS,W1,3,8,10:15,40,1,EDGE C,,,
WAS,W1,3,10,02:01,41,0,EDGE C,,,
WAS,W1,3,10,01:17,42,1,EDGE C,,,
WAS,W1,3,10,00:39,43,1,EDGE C,,,
WAS,W1,3,10,00:02,44,0,EDGE C,,,
WAS,W1,4,10,14:15,45,1,EDGE C,TRUE,,
WAS,W1,4,10,13:34,46,0,EDGE C,,,
WAS,W1,4,10,12:51,47,1,EDGE C,TRUE,,
WAS,W1,4,10,12:12,48,1,EDGE C,,,Yes
WAS,W1,4,10,11:44,49,1,EDGE C,,,
WAS,W1,4,10,11:00,50,1,EDGE C,,,
WAS,W1,4,10,10:19,51,0,EDGE C,,,
WAS,W1,4,10,09:48,52,1,EDGE C,,,
WAS,W1,4,10,09:06,53,1,EDGE C,,,
WAS,W1,4,10,09:04,54,1,EDGE C,,,Yes
WAS,W1,4,12,06:34,55,0,EDGE C,,,
WAS,W1,4,12,05:55,56,1,EDGE C,,,
WAS,W1,4,12,05:51,57,1,EDGE C,,,
WAS,W2,1,2,12:16,1,0,EDGE C,,,
WAS,W2,1,2,11:43,2,0,EDGE C,,,
WAS,W2,1,2,11:04,3,1,EDGE C,TRUE,,
WAS,W2,1,4,08:17,4,1,EDGE C,,,
WAS,W2,1,4,07:40,5,0,EDGE C,,,
WAS,W2,1,4,06:59,6,1,EDGE C,,,
WAS,W2,1,4,06:19,7,1,EDGE C,,,
WAS,W2,1,4,05:52,8,1,EDGE C,TRUE,,Yes
WAS,W2,1,4,05:09,9,0,EDGE C,,,
WAS,W2,1,4,04:23,10,0,EDGE C,,,
WAS,W2,1,6,02:40,11,1,EDGE C,,,
WAS,W2,1,6,01:58,12,1,EDGE C,,,
WAS,W2,1,6,01:21,13,1,EDGE C,,,
WAS,W2,1,6,00:39,14,1,EDGE C,,,
WAS,W2,1,6,00:07,15,1,EDGE C,,,
WAS,W2,2,6,15:00,16,0,EDGE C,,,
WAS,W2,2,6,14:21,17,1,EDGE C,,,
WAS,W2,2,6,13:42,18,0,EDGE C,,,
WAS,W2,2,6,12:54,19,0,EDGE C,,,
WAS,W2,2,6,12:16,20,1,EDGE C,,,
WAS,W2,2,8,06:40,21,1,EDGE C,,,
WAS,W2,2,8,06:09,22,0,EDGE C,,,
WAS,W2,2,8,05:33,23,1,EDGE C,,,
WAS,W2,2,8,04:54,24,0,EDGE C,,,
WAS,W2,2,8,04:13,25,0,EDGE C,,,
WAS,W2,2,8,03:30,26,0,EDGE C,,,
WAS,W2,2,8,03:01,27,1,EDGE C,,,
WAS,W2,2,10,01:47,28,1,EDGE C,,,
WAS,W2,2,10,01:42,29,1,EDGE C,,,
WAS,W2,2,10,01:01,30,1,EDGE C,,,
WAS,W2,2,10,00:54,31,0,EDGE C,,,
WAS,W2,2,10,00:46,32,1,EDGE C,,,
WAS,W2,2,10,00:34,33,1,EDGE C,,,
WAS,W2,2,10,00:28,34,1,EDGE C,,,
WAS,W2,2,10,00:24,35,1,EDGE C,,,Yes
WAS,W2,3,12,15:00,36,1,EDGE C,,,
WAS,W2,3,12,14:20,37,0,EDGE C,,,
WAS,W2,3,12,13:39,38,1,EDGE C,,,
WAS,W2,3,12,13:01,39,0,EDGE C,,,
WAS,W2,3,12,12:20,40,1,EDGE C,,,
WAS,W2,3,12,11:37,41,0,EDGE C,,,
WAS,W2,3,12,10:53,42,1,EDGE C,,,
WAS,W2,3,12,10:13,43,1,EDGE C,,,
WAS,W2,3,12,10:05,44,0,EDGE C,,,
WAS,W2,3,12,09:21,45,1,EDGE C,,,
WAS,W2,3,12,08:42,46,0,EDGE C,,,
WAS,W2,3,12,08:01,47,0,EDGE C,,,
WAS,W2,3,12,07:18,48,0,EDGE C,,,
WAS,W2,3,12,06:35,49,1,EDGE C,,,
WAS,W2,3,12,06:06,50,1,EDGE C,,,Yes
WAS,W2,3,14,03:49,51,1,EDGE C,,,Yes
WAS,W2,3,14,03:46,52,1,EDGE C,,,
WAS,W2,3,14,03:02,53,1,EDGE C,,,
WAS,W2,3,14,02:26,54,0,EDGE C,,,
WAS,W2,3,14,01:49,55,1,EDGE C,,,
WAS,W2,3,14,01:01,56,1,EDGE C,,,
WAS,W2,3,14,00:57,57,1,EDGE C,TRUE,,
WAS,W2,3,14,00:14,58,0,EDGE C,,,
WAS,W2,4,16,11:22,59,0,EDGE C,,,
WAS,W2,4,16,10:41,60,1,EDGE C,,,
WAS,W2,4,16,09:19,61,1,EDGE C,,,
WAS,W2,4,16,08:38,62,0,EDGE C,,,
WAS,W2,4,16,08:01,63,0,EDGE C,,,
WAS,W2,4,16,07:21,64,1,EDGE C,,,
WAS,W2,4,16,06:39,65,0,EDGE C,,,
WAS,W2,4,16,05:56,66,0,EDGE C,,,
WAS,W2,4,16,05:11,67,0,EDGE C,,,
WAS,W3,1,1,15:00,1,0,EDGE C,,,
WAS,W3,1,1,14:22,2,0,EDGE C,,,
WAS,W3,1,1,13:45,3,0,EDGE C,,,
WAS,W3,1,3,11:27,4,0,EDGE C,,,
WAS,W3,1,3,10:53,5,1,EDGE C,,,Yes
WAS,W3,1,3,10:47,6,1,EDGE C,,,Yes
WAS,W3,1,5,07:04,7,1,EDGE C,TRUE,,Yes
WAS,W3,1,5,07:00,8,0,EDGE C,,,
WAS,W3,1,5,06:21,9,1,EDGE C,,,
WAS,W3,1,7,04:29,10,1,EDGE C,,,
WAS,W3,1,7,04:25,11,0,EDGE C,,,
WAS,W3,1,7,03:44,12,1,EDGE C,TRUE,,
WAS,W3,1,7,03:00,13,0,EDGE C,,,
WAS,W3,1,7,02:22,14,1,EDGE C,,,Yes
WAS,W3,1,7,01:40,15,1,EDGE C,TRUE,,Yes
WAS,W3,2,9,12:24,16,1,EDGE C,,,
WAS,W3,2,9,11:47,17,1,EDGE C,,,
WAS,W3,2,9,11:08,18,0,EDGE C,,,
WAS,W3,2,9,10:30,19,0,EDGE C,,,
WAS,W3,2,9,09:23,20,0,EDGE C,,,
WAS,W3,2,9,08:42,21,1,EDGE C,TRUE,,
WAS,W3,2,11,07:04,22,1,EDGE C,,,
WAS,W3,2,11,06:31,23,0,EDGE C,,,
WAS,W3,2,11,05:55,24,1,EDGE C,,,
WAS,W3,2,11,05:46,25,0,EDGE C,,,
WAS,W3,2,11,05:21,26,1,EDGE C,,,
WAS,W3,2,11,04:42,27,0,EDGE C,,,
WAS,W3,2,11,03:31,28,1,EDGE C,,,
WAS,W3,2,11,03:07,29,0,EDGE C,,,
WAS,W3,2,11,02:27,30,1,EDGE C,,,Yes
WAS,W3,2,11,02:23,31,0,EDGE C,,,
WAS,W3,2,13,00:38,32,0,EDGE C,,,
WAS,W3,3,15,13:57,33,1,EDGE C,,,
WAS,W3,3,15,13:16,34,0,EDGE C,,,
WAS,W3,3,15,12:36,35,1,EDGE C,TRUE,Yes,Yes
WAS,W3,3,15,12:31,36,0,EDGE C,,,
WAS,W3,3,15,11:48,37,1,EDGE C,,,Yes
WAS,W3,3,15,10:23,38,0,EDGE C,,,
WAS,W3,3,15,09:39,39,1,EDGE C,,,Yes
WAS,W3,3,17,07:15,40,1,EDGE C,,,
WAS,W3,3,17,06:34,41,0,EDGE C,,,
WAS,W3,3,17,05:52,42,1,EDGE C,,,
WAS,W3,3,17,05:09,43,1,EDGE C,,,
WAS,W3,3,17,04:00,44,1,EDGE C,,,
WAS,W3,4,19,13:13,45,0,EDGE C,,,
WAS,W3,4,19,12:30,46,1,EDGE C,,,
WAS,W3,4,19,11:51,47,1,EDGE C,,,
WAS,W3,4,21,05:41,48,1,EDGE C,,,
WAS,W3,4,21,05:36,49,0,EDGE C,,,
WAS,W3,4,21,04:52,50,1,EDGE C,,,
WAS,W3,4,23,02:22,51,0,EDGE C,,,
WAS,W3,4,23,02:17,52,0,EDGE C,,,
WAS,W3,4,23,02:12,53,1,EDGE C,,,
WAS,W3,4,23,02:00,54,0,EDGE C,,,
WAS,W3,4,23,01:53,55,0,EDGE C,,,
WAS,W3,4,23,01:08,56,0,EDGE C,,,
WAS,W3,4,25,00:05,57,0,EDGE C,,,
WAS,W4,1,1,14:53,1,1,EDGE C,,,
WAS,W4,1,1,14:50,2,0,EDGE C,,,
WAS,W4,1,1,14:04,3,1,EDGE C,,,Yes
WAS,W4,1,1,13:58,4,0,EDGE C,,,
WAS,W4,1,1,13:23,5,0,EDGE C,,,
WAS,W4,1,1,12:49,6,1,EDGE C,,,
WAS,W4,1,1,12:03,7,1,EDGE C,,,
WAS,W4,1,1,11:23,8,0,EDGE C,,,
WAS,W4,1,1,10:44,9,1,EDGE C,,,
WAS,W4,1,3,08:35,10,0,EDGE C,,,
WAS,W4,1,3,07:55,11,0,EDGE C,,,
WAS,W4,1,3,07:13,12,0,EDGE C,,,
WAS,W4,1,3,06:29,13,1,EDGE C,TRUE,,
WAS,W4,1,3,05:45,14,1,EDGE C,TRUE,,
WAS,W4,1,5,00:45,15,0,EDGE C,,,
WAS,W4,1,5,00:12,16,1,EDGE C,,,
WAS,W4,2,5,15:00,17,1,EDGE C,,,Yes
WAS,W4,2,5,14:33,18,1,EDGE C,,,Yes
WAS,W4,2,5,13:59,19,0,EDGE C,,,
WAS,W4,2,5,13:19,20,1,EDGE C,,,
WAS,W4,2,5,13:00,21,1,EDGE C,,,
WAS,W4,2,5,12:20,22,1,EDGE C,,,
WAS,W4,2,5,11:36,23,1,EDGE C,,,
WAS,W4,2,5,11:32,24,1,EDGE C,TRUE,,Yes
WAS,W4,2,5,10:50,25,1,EDGE C,,,
WAS,W4,2,7,09:39,26,0,EDGE C,,,
WAS,W4,2,7,09:01,27,1,EDGE C,,,Yes
WAS,W4,2,7,08:38,28,0,EDGE C,,,
WAS,W4,2,7,08:02,29,0,EDGE C,,,
WAS,W4,2,7,07:23,30,1,EDGE C,,,
WAS,W4,2,9,05:15,31,0,EDGE C,,,
WAS,W4,2,9,04:52,32,1,EDGE C,,,
WAS,W4,2,9,04:28,33,0,EDGE C,,,
WAS,W4,2,9,04:10,34,0,EDGE C,,,
WAS,W4,2,9,03:47,35,0,EDGE C,,,
WAS,W4,2,9,03:06,36,0,EDGE C,,,
WAS,W4,2,11,02:03,37,0,EDGE C,,,
WAS,W4,2,11,01:59,38,0,EDGE C,,,
WAS,W4,2,11,01:26,39,1,EDGE C,,,Yes
WAS,W4,2,13,00:20,40,0,EDGE C,,,
WAS,W4,3,15,12:15,41,0,EDGE C,,,
WAS,W4,3,15,11:38,42,1,EDGE C,,,
WAS,W4,3,15,11:32,43,1,EDGE C,,,
WAS,W4,3,17,04:51,44,0,EDGE C,,,
WAS,W4,3,17,04:36,45,1,EDGE C,,,
WAS,W4,3,17,03:53,46,0,EDGE C,,,
WAS,W4,3,17,03:30,47,1,EDGE C,,,
WAS,W4,3,17,02:55,48,0,EDGE C,,,
WAS,W4,3,17,02:16,49,1,EDGE C,,,
WAS,W4,3,17,02:11,50,1,EDGE C,,,Yes
WAS,W4,4,19,10:37,51,0,EDGE C,,,
WAS,W4,4,19,09:59,52,1,EDGE C,TRUE,,Yes
WAS,W4,4,19,09:21,53,0,EDGE C,,,
WAS,W4,4,21,03:59,54,1,EDGE C,,,
WAS,W4,4,21,03:54,55,1,EDGE C,,,
WAS,W4,4,21,03:45,56,1,EDGE C,,,
WAS,W4,4,21,03:34,57,0,EDGE C,,,
WAS,W4,4,23,02:33,58,0,EDGE C,,,
WAS,W4,4,23,02:27,59,0,EDGE C,,,
WAS,W4,4,23,02:00,60,1,EDGE C,,,
WAS,W4,4,23,01:51,61,0,EDGE C,,,
WAS,W4,4,23,01:09,62,0,EDGE C,,,
WAS,W4,4,23,00:34,63,0,EDGE C,,,
WAS,W5,1,1,15:00,1,0,EDGE C,,,
WAS,W5,1,1,14:22,2,0,EDGE C,,,
WAS,W5,1,1,13:40,3,0,EDGE C,,,
WAS,W5,1,1,13:02,4,1,EDGE C,,,
WAS,W5,1,1,12:34,5,0,EDGE C,,,
WAS,W5,1,1,11:50,6,1,EDGE C,,,
WAS,W5,1,1,11:13,7,0,EDGE C,,,
WAS,W5,1,1,10:33,8,1,EDGE C,,,
WAS,W5,1,3,06:30,9,0,EDGE C,,,
WAS,W5,1,3,05:50,10,0,EDGE C,,,
WAS,W5,1,3,05:28,11,1,EDGE C,,,
WAS,W5,1,3,04:46,12,1,EDGE C,,,
WAS,W5,1,3,04:07,13,0,EDGE C,,,
WAS,W5,1,3,03:26,14,1,EDGE C,,,
WAS,W5,1,3,02:45,15,1,EDGE C,,,
WAS,W5,2,5,14:53,16,1,EDGE C,,,Yes
WAS,W5,2,5,14:13,17,0,EDGE C,,,
WAS,W5,2,5,13:34,18,1,EDGE C,,,Yes
WAS,W5,2,5,12:49,19,1,EDGE C,,,
WAS,W5,2,7,04:09,20,1,EDGE C,,,
WAS,W5,2,9,02:32,21,0,EDGE C,,,
WAS,W5,2,9,02:00,22,1,EDGE C,,,Yes
WAS,W5,2,9,01:53,23,1,EDGE C,,,
WAS,W5,2,11,00:07,24,1,EDGE C,,,Yes
WAS,W5,3,13,12:49,25,0,EDGE C,,,
WAS,W5,3,13,12:27,26,1,EDGE C,TRUE,,
WAS,W5,3,13,11:43,27,1,EDGE C,,,
WAS,W5,3,13,11:12,28,0,EDGE C,,,
WAS,W5,3,13,10:33,29,0,EDGE C,,,
WAS,W5,3,13,09:51,30,0,EDGE C,,,
WAS,W5,3,13,09:10,31,0,EDGE C,,,
WAS,W5,3,13,08:32,32,0,EDGE C,,,
WAS,W5,3,15,07:15,33,1,EDGE C,,,
WAS,W5,3,15,06:45,34,0,EDGE C,,,
WAS,W5,3,15,06:05,35,0,EDGE C,,,
WAS,W5,3,15,05:24,36,1,EDGE C,,,
WAS,W5,4,17,14:56,37,0,EDGE C,,,
WAS,W5,4,17,14:20,38,1,EDGE C,,,
WAS,W5,4,17,14:13,39,1,EDGE C,,,
WAS,W5,4,17,13:37,40,0,EDGE C,,,
WAS,W5,4,17,12:54,41,1,EDGE C,,,
WAS,W5,4,17,12:11,42,0,EDGE C,,,
WAS,W5,4,17,11:26,43,0,EDGE C,,,
WAS,W5,4,17,10:43,44,1,EDGE C,,,
WAS,W5,4,17,10:04,45,1,EDGE C,TRUE,,Yes
WAS,W5,4,17,09:19,46,1,EDGE C,,,
WAS,W5,4,19,06:33,47,1,EDGE C,,,
WAS,W5,4,19,05:53,48,1,EDGE C,,,
WAS,W5,4,19,05:50,49,1,EDGE C,,,Yes
WAS,W5,4,21,01:56,50,1,EDGE C,,,
WAS,W5,4,21,01:51,51,1,EDGE C,,,
WAS,W5,4,21,01:47,52,1,EDGE C,,,
WAS,W5,4,21,01:27,53,1,EDGE C,,,
WAS,W5,4,21,01:22,54,0,EDGE C,,,
WAS,W5,4,21,00:59,55,1,EDGE C,,,
WAS,W5,4,21,00:55,56,1,EDGE C,,,
WAS,W5,4,21,00:51,57,1,EDGE C,,,Yes
WAS,W6,1,2,06:54,1,1,EDGE C,,,
WAS,W6,1,2,06:50,2,1,EDGE C,,,
WAS,W6,1,2,06:46,3,0,EDGE C,,,
WAS,W6,1,4,03:34,4,0,EDGE C,,,
WAS,W6,1,4,03:01,5,0,EDGE C,,,
WAS,W6,1,4,02:20,6,1,EDGE C,TRUE,,Yes
WAS,W6,2,6,12:18,7,1,EDGE C,,,
WAS,W6,2,6,11:44,8,0,EDGE C,,,
WAS,W6,2,6,11:03,9,1,EDGE C,,,
WAS,W6,2,6,10:50,10,1,EDGE C,,,
WAS,W6,2,6,10:20,11,1,EDGE C,,,
WAS,W6,2,6,09:53,12,1,EDGE C,,,
WAS,W6,2,6,09:20,13,0,EDGE C,,,
WAS,W6,2,6,08:45,14,1,EDGE C,,,
WAS,W6,2,8,06:58,15,1,EDGE C,,,
WAS,W6,2,8,06:55,16,1,EDGE C,,,
WAS,W6,2,8,06:21,17,0,EDGE C,,,
WAS,W6,2,8,05:42,18,1,EDGE C,,,
WAS,W6,2,8,05:38,19,1,EDGE C,,,
WAS,W6,2,8,04:52,20,1,EDGE C,,,
WAS,W6,2,8,04:29,21,0,EDGE C,,,
WAS,W6,2,8,03:48,22,1,EDGE C,,,Yes
WAS,W6,2,10,00:10,23,0,EDGE C,,,
WAS,W6,3,11,15:00,24,0,EDGE C,,,
WAS,W6,3,11,14:34,25,0,EDGE C,,,
WAS,W6,3,11,13:53,26,1,EDGE C,,,
WAS,W6,3,11,13:11,27,0,EDGE C,,,
WAS,W6,3,11,12:30,28,1,EDGE C,,,
WAS,W6,3,11,11:23,29,0,EDGE C,,,
WAS,W6,3,11,10:50,30,1,EDGE C,,,
WAS,W6,3,11,10:17,31,0,EDGE C,,,
WAS,W6,3,11,09:38,32,1,EDGE C,,,
WAS,W6,3,11,08:59,33,0,EDGE C,,,
WAS,W6,3,13,03:55,34,1,EDGE C,TRUE,,
WAS,W6,3,13,03:21,35,1,EDGE C,,,
WAS,W6,3,13,02:43,36,1,EDGE C,,,
WAS,W6,4,15,13:03,37,1,EDGE C,,,
WAS,W6,4,15,12:24,38,0,EDGE C,,,
WAS,W6,4,15,12:07,39,0,EDGE C,,,
WAS,W6,4,15,11:25,40,1,EDGE C,,,
WAS,W6,4,15,10:42,41,1,EDGE C,,,
WAS,W6,4,15,10:05,42,0,EDGE C,,,
WAS,W6,4,15,09:26,43,1,EDGE C,,,
WAS,W6,4,15,09:19,44,1,EDGE C,,,
WAS,W6,4,15,08:27,45,1,EDGE C,TRUE,,Yes
WAS,W6,4,15,07:43,46,1,EDGE C,,,
WAS,W6,4,15,07:02,47,1,EDGE C,,,
WAS,W6,4,15,06:22,48,1,EDGE C,,,
WAS,W6,4,15,05:47,49,1,EDGE C,,,
WAS,W6,4,15,05:10,50,0,EDGE C,,,
WAS,W6,4,15,04:28,51,1,EDGE C,,,
WAS,W6,4,15,03:43,52,1,EDGE C,,,
WAS,W6,4,15,03:36,53,0,EDGE C,,,
WAS,W6,4,17,02:23,54,1,EDGE C,,,
WAS,W6,4,17,01:59,55,1,EDGE C,,,
WAS,W6,4,17,01:52,56,1,EDGE C,TRUE,,Yes
WAS,W7,1,1,15:00,1,1,EDGE C,,,
WAS,W7,1,1,14:22,2,0,EDGE C,,,
WAS,W7,1,1,13:43,3,1,EDGE C,,,
WAS,W7,1,3,10:07,4,0,EDGE C,,,
WAS,W7,1,3,09:39,5,0,EDGE C,,,
WAS,W7,1,3,09:05,6,0,EDGE C,,,
WAS,W7,1,3,08:28,7,1,EDGE C,,,
WAS,W7,1,3,07:48,8,1,EDGE C,,,
WAS,W7,1,3,07:04,9,1,EDGE C,,,
WAS,W7,1,3,06:34,10,0,EDGE C,,,
WAS,W7,1,3,06:06,11,0,EDGE C,,,
WAS,W7,1,3,05:26,12,1,EDGE C,,,Yes
WAS,W7,1,3,04:46,13,0,EDGE C,,,
WAS,W7,1,3,04:02,14,1,EDGE C,,,
WAS,W7,1,3,03:49,15,0,EDGE C,,,
WAS,W7,1,5,00:41,16,0,EDGE C,,,
WAS,W7,2,5,15:00,17,0,EDGE C,,,
WAS,W7,2,5,14:21,18,1,EDGE C,,,
WAS,W7,2,5,13:52,19,0,EDGE C,,,
WAS,W7,2,5,13:27,20,0,EDGE C,,,
WAS,W7,2,5,12:36,21,1,EDGE C,,,
WAS,W7,2,5,11:59,22,1,EDGE C,,,Yes
WAS,W7,2,5,11:18,23,1,EDGE C,,,
WAS,W7,2,7,10:19,24,0,EDGE C,,,
WAS,W7,2,7,09:55,25,0,EDGE C,,,
WAS,W7,2,7,09:11,26,0,EDGE C,,,
WAS,W7,2,7,08:29,27,1,EDGE C,,,
WAS,W7,2,7,07:40,28,1,EDGE C,,,
WAS,W7,2,7,07:35,29,0,EDGE C,,,
WAS,W7,2,9,01:43,30,1,EDGE C,,,
WAS,W7,2,9,01:36,31,1,EDGE C,,,
WAS,W7,2,9,01:04,32,1,EDGE C,,,
WAS,W7,2,9,00:53,33,1,EDGE C,,,
WAS,W7,2,9,00:26,34,1,EDGE C,,,
WAS,W7,2,9,00:19,35,1,EDGE C,,,
WAS,W7,2,9,00:15,36,1,EDGE C,TRUE,,Yes
WAS,W7,2,9,00:09,37,1,EDGE C,,,
WAS,W7,2,9,00:02,38,1,EDGE C,TRUE,,
WAS,W7,3,11,12:20,39,0,EDGE C,,,
WAS,W7,3,11,11:41,40,0,EDGE C,,,
WAS,W7,3,11,11:13,41,0,EDGE C,,,
WAS,W7,3,11,10:33,42,1,EDGE C,,,Yes
WAS,W7,3,11,09:50,43,1,EDGE C,,,
WAS,W7,3,11,09:13,44,0,EDGE C,,,
WAS,W7,3,11,08:34,45,0,EDGE C,,,
WAS,W7,3,11,07:59,46,1,EDGE C,,,
WAS,W7,3,11,07:24,47,1,EDGE C,TRUE,,
WAS,W7,3,11,07:18,48,1,EDGE C,,,
WAS,W7,3,11,06:27,49,1,EDGE C,,,Yes
WAS,W7,3,11,05:39,50,1,EDGE C,,,
WAS,W7,3,11,04:58,51,0,EDGE C,,,
WAS,W7,3,11,04:14,52,1,EDGE C,,,
WAS,W7,3,11,04:09,53,1,EDGE C,,,
WAS,W7,4,13,12:14,54,0,EDGE C,,,
WAS,W7,4,13,11:33,55,0,EDGE C,,,
WAS,W7,4,13,11:13,56,0,EDGE C,,,
WAS,W7,4,13,10:29,57,0,EDGE C,,,
WAS,W7,4,13,09:47,58,1,EDGE C,,,
WAS,W7,4,13,09:08,59,0,EDGE C,,,
WAS,W7,4,13,08:25,60,0,EDGE C,,,
WAS,W7,4,13,07:40,61,0,EDGE C,,,
WAS,W7,4,13,06:57,62,0,EDGE C,,,
WAS,W7,4,13,06:32,63,0,EDGE C,,,
WAS,W7,4,13,05:53,64,1,EDGE C,,,
WAS,W7,4,16,04:32,65,0,EDGE C,,,
WAS,W7,4,16,03:50,66,0,EDGE C,,,
WAS,W7,4,16,03:44,67,0,EDGE C,,,
LAC,W1,1,1,15:00,1,0,EDGE D,,,
LAC,W1,1,1,14:28,2,1,EDGE D,,,
LAC,W1,1,1,14:01,3,1,EDGE D,,,Yes
LAC,W1,1,1,13:24,4,0,EDGE D,,,
LAC,W1,1,1,12:44,5,0,EDGE D,,,
LAC,W1,1,1,10:45,6,0,EDGE D,,,
LAC,W1,1,1,10:04,7,1,EDGE D,,,
LAC,W1,1,1,08:53,8,0,EDGE D,,,
LAC,W1,1,2,07:54,9,1,EDGE D,TRUE,,Yes
LAC,W1,1,4,03:21,10,1,EDGE D,TRUE,,
LAC,W1,1,4,02:39,11,1,EDGE D,,,Yes
LAC,W1,1,4,02:30,12,1,EDGE D,,,
LAC,W1,1,5,01:10,13,0,EDGE D,,,
LAC,W1,2,7,10:55,14,1,EDGE D,TRUE,Yes,Yes
LAC,W1,2,9,05:24,15,0,EDGE D,,,
LAC,W1,2,9,04:48,16,1,EDGE D,,,
LAC,W1,2,9,04:44,17,1,EDGE D,,,
LAC,W1,2,9,04:31,18,1,EDGE D,,,
LAC,W1,2,9,03:46,19,0,EDGE D,,,
LAC,W1,2,9,03:12,20,0,EDGE D,,,
LAC,W1,2,9,02:32,21,1,EDGE D,,,
LAC,W1,2,9,02:00,22,1,EDGE D,TRUE,,
LAC,W1,2,9,01:20,23,1,EDGE D,,,
LAC,W1,2,9,01:16,24,1,EDGE D,,,
LAC,W1,2,11,00:42,25,1,EDGE D,,,
LAC,W1,2,11,00:37,26,1,EDGE D,TRUE,,
LAC,W1,3,13,10:01,27,1,EDGE D,,,
LAC,W1,3,13,09:27,28,0,EDGE D,,,
LAC,W1,3,13,08:49,29,0,EDGE D,,,
LAC,W1,3,13,08:03,30,1,EDGE D,,,
LAC,W1,3,13,06:09,31,1,EDGE D,TRUE,,
LAC,W1,3,15,02:48,32,0,EDGE D,,,
LAC,W1,3,15,02:16,33,1,EDGE D,,,Yes
LAC,W1,3,15,01:49,34,1,EDGE D,,,
LAC,W1,3,15,01:45,35,1,EDGE D,,,
LAC,W1,3,15,01:15,36,0,EDGE D,,,
LAC,W1,3,15,00:46,37,0,EDGE D,,,
LAC,W1,3,15,00:11,38,1,EDGE D,,,
LAC,W1,3,15,00:07,39,1,EDGE D,TRUE,,
LAC,W1,3,15,00:02,40,1,EDGE D,,,Yes
LAC,W2,1,2,09:19,1,0,EDGE D,,,
LAC,W2,1,2,08:39,2,1,EDGE D,,,
LAC,W2,1,2,07:56,3,1,EDGE D,TRUE,,Yes
LAC,W2,1,4,05:31,4,0,EDGE D,,,
LAC,W2,1,4,04:55,5,0,EDGE D,,,
LAC,W2,1,4,04:17,6,0,EDGE D,,,
LAC,W2,1,4,01:58,7,0,EDGE D,,,
LAC,W2,2,6,09:10,8,1,EDGE D,TRUE,Yes,Yes
LAC,W2,2,6,09:06,9,0,EDGE D,,,
LAC,W2,2,6,08:28,10,1,EDGE D,,,
LAC,W2,2,10,01:52,11,1,EDGE D,,,
LAC,W2,2,10,01:32,12,1,EDGE D,,,
LAC,W2,2,10,01:19,13,1,EDGE D,,,
LAC,W2,2,10,00:57,14,1,EDGE D,,,
LAC,W2,2,10,00:50,15,0,EDGE D,,,
LAC,W2,2,10,00:45,16,1,EDGE D,,,
LAC,W2,2,10,00:38,17,1,EDGE D,,,
LAC,W2,2,10,00:30,18,1,EDGE D,,,
LAC,W2,2,10,00:13,19,0,EDGE D,,,
LAC,W2,2,10,00:12,20,1,EDGE D,,,
LAC,W2,3,12,15:00,21,1,EDGE D,,,
LAC,W2,3,12,14:55,22,0,EDGE D,,,
LAC,W2,3,12,14:05,23,0,EDGE D,,,
LAC,W2,3,14,07:24,24,1,EDGE D,,,
LAC,W2,3,14,06:47,25,0,EDGE D,,,
LAC,W2,3,16,05:19,26,1,EDGE D,TRUE,,
LAC,W2,3,16,04:41,27,1,EDGE D,,,
LAC,W2,3,16,04:38,28,1,EDGE D,,,
LAC,W2,4,18,12:23,29,1,EDGE D,,,
LAC,W2,4,18,11:55,30,1,EDGE D,TRUE,Yes,Yes
LAC,W2,4,18,11:51,31,1,EDGE D,,,Yes
LAC,W2,4,20,08:18,32,1,EDGE D,,,
LAC,W2,4,20,08:12,33,1,EDGE D,,,
LAC,W2,4,20,07:32,34,1,EDGE D,,,Yes
LAC,W2,4,20,07:21,35,1,EDGE D,,,
LAC,W2,4,20,06:53,36,1,EDGE D,TRUE,,Yes
LAC,W2,4,20,06:10,37,1,EDGE D,,,
LAC,W2,4,22,03:18,38,1,EDGE D,,,
LAC,W2,4,22,03:07,39,1,EDGE D,,,
LAC,W3,1,1,15:00,1,1,EDGE D,,,
LAC,W3,1,1,14:36,2,0,EDGE D,,,
LAC,W3,1,1,13:46,3,0,EDGE D,,,
LAC,W3,1,1,13:19,4,1,EDGE D,,,
LAC,W3,1,1,13:16,5,1,EDGE D,,,
LAC,W3,1,3,10:01,6,1,EDGE D,TRUE,Yes,Yes
LAC,W3,1,3,09:42,7,0,EDGE D,,,
LAC,W3,1,3,09:02,8,0,EDGE D,,,
LAC,W3,1,3,08:22,9,1,EDGE D,,,Yes
LAC,W3,1,3,06:16,10,0,EDGE D,,,
LAC,W3,1,5,01:48,11,0,EDGE D,,,
LAC,W3,1,5,01:12,12,0,EDGE D,,,
LAC,W3,1,5,00:33,13,1,EDGE D,,,
LAC,W3,2,5,14:40,14,0,EDGE D,,,
LAC,W3,2,5,14:08,15,1,EDGE D,,,
LAC,W3,2,7,05:28,16,1,EDGE D,,,
LAC,W3,2,7,04:49,17,0,EDGE D,,,
LAC,W3,2,7,04:12,18,0,EDGE D,,,
LAC,W3,2,7,02:58,19,0,EDGE D,,,
LAC,W3,2,7,02:21,20,1,EDGE D,TRUE,,
LAC,W3,2,7,01:55,21,1,EDGE D,,,
LAC,W3,2,7,01:46,22,1,EDGE D,,,
LAC,W3,2,7,01:40,23,1,EDGE D,,,
LAC,W3,2,9,00:25,24,1,EDGE D,,,Yes
LAC,W3,2,9,00:16,25,1,EDGE D,,,
LAC,W3,2,9,00:11,26,1,EDGE D,,,
LAC,W3,2,9,00:08,27,0,EDGE D,,,
LAC,W3,3,11,09:27,28,0,EDGE D,,,
LAC,W3,3,11,08:52,29,0,EDGE D,,,
LAC,W3,3,11,07:53,30,0,EDGE D,,,
LAC,W3,3,13,02:57,31,1,EDGE D,,,
LAC,W3,3,13,02:51,32,0,EDGE D,,,
LAC,W3,3,13,02:09,33,1,EDGE D,,,
LAC,W3,3,13,01:45,34,1,EDGE D,,,
LAC,W3,3,13,01:01,35,0,EDGE D,,,
LAC,W3,3,13,00:17,36,1,EDGE D,TRUE,,Yes
LAC,W3,4,15,09:28,37,1,EDGE D,,,
LAC,W3,4,15,08:40,38,0,EDGE D,,,
LAC,W3,4,15,08:02,39,1,EDGE D,,,
LAC,W3,4,15,07:27,40,1,EDGE D,TRUE,,Yes
LAC,W3,4,17,03:00,41,0,EDGE D,,,
LAC,W3,4,17,02:56,42,0,EDGE D,,,
LAC,W3,4,17,02:50,43,0,EDGE D,,,
LAC,W3,4,17,02:44,44,0,EDGE D,,,
LAC,W3,4,17,02:38,45,0,EDGE D,,,
LAC,W3,4,17,02:00,46,0,EDGE D,,,
LAC,W3,4,17,01:18,47,0,EDGE D,,,
LAC,W3,4,17,00:39,48,0,EDGE D,,,
LAC,W4,1,2,10:52,1,1,EDGE D,,,
LAC,W4,1,2,10:12,2,0,EDGE D,,,
LAC,W4,1,2,09:34,3,1,EDGE D,,,
LAC,W4,1,2,08:49,4,1,EDGE D,,,
LAC,W4,1,2,08:09,5,0,EDGE D,,,
LAC,W4,1,2,07:23,6,0,EDGE D,,,
LAC,W4,1,2,06:49,7,1,EDGE D,,,Yes
LAC,W4,1,4,01:30,8,0,EDGE D,,,
LAC,W4,1,4,00:53,9,0,EDGE D,,,
LAC,W4,1,4,00:11,10,1,EDGE D,,,Yes
LAC,W4,2,4,15:00,11,0,EDGE D,,,
LAC,W4,2,4,14:21,12,1,EDGE D,,,Yes
LAC,W4,2,4,14:19,13,1,EDGE D,,,
LAC,W4,2,7,11:09,14,1,EDGE D,,,
LAC,W4,2,9,03:02,15,0,EDGE D,,,
LAC,W4,2,9,02:24,16,1,EDGE D,,,
LAC,W4,2,9,02:00,17,1,EDGE D,,,
LAC,W4,2,9,01:30,18,0,EDGE D,,,
LAC,W4,2,9,01:07,19,1,EDGE D,,,
LAC,W4,2,10,00:30,20,1,EDGE D,,,Yes
LAC,W4,3,12,15:00,21,0,EDGE D,,,
LAC,W4,3,12,14:30,22,0,EDGE D,,,
LAC,W4,3,12,13:57,23,1,EDGE D,,,
LAC,W4,3,12,13:43,24,1,EDGE D,,,
LAC,W4,3,12,13:09,25,0,EDGE D,,,
LAC,W4,3,12,12:29,26,1,EDGE D,,,
LAC,W4,3,14,07:42,27,1,EDGE D,,,
LAC,W4,3,14,07:02,28,0,EDGE D,,,
LAC,W4,3,14,06:24,29,1,EDGE D,,,Yes
LAC,W4,3,16,03:41,30,0,EDGE D,,,
LAC,W4,3,16,03:04,31,1,EDGE D,,,
LAC,W4,3,16,02:25,32,0,EDGE D,,,
LAC,W4,3,16,01:51,33,0,EDGE D,,,
LAC,W4,3,16,01:09,34,1,EDGE D,,,Yes
LAC,W4,3,16,01:04,35,1,EDGE D,,,
LAC,W4,4,18,12:30,36,1,EDGE D,,,
LAC,W4,4,18,11:51,37,0,EDGE D,,,
LAC,W4,4,18,11:11,38,1,EDGE D,,,Yes
LAC,W4,4,20,06:38,39,1,EDGE D,,,Yes
LAC,W4,4,20,06:11,40,1,EDGE D,,,
LAC,W4,4,20,06:07,41,1,EDGE D,,,
LAC,W4,4,20,05:40,42,0,EDGE D,,,
LAC,W4,4,20,04:58,43,1,EDGE D,TRUE,,Yes
LAC,W4,4,20,04:12,44,1,EDGE D,,,Yes
LAC,W5,1,1,15:00,1,0,EDGE D,,,
LAC,W5,1,1,14:37,2,1,EDGE D,,,
LAC,W5,1,1,13:54,3,0,EDGE D,,,
LAC,W5,1,1,13:15,4,1,EDGE D,,,
LAC,W5,1,1,12:31,5,1,EDGE D,,,
LAC,W5,1,3,10:20,6,0,EDGE D,,,
LAC,W5,1,3,09:40,7,0,EDGE D,,,
LAC,W5,1,3,08:57,8,1,EDGE D,,,
LAC,W5,1,5,06:54,9,1,EDGE D,TRUE,,Yes
LAC,W5,1,5,06:17,10,0,EDGE D,,,
LAC,W5,1,5,05:40,11,0,EDGE D,,,
LAC,W5,1,5,04:58,12,0,EDGE D,,,
LAC,W5,1,5,04:14,13,1,EDGE D,,,Yes
LAC,W5,1,5,04:06,14,0,EDGE D,,,
LAC,W5,1,5,03:26,15,0,EDGE D,,,
LAC,W5,1,5,02:45,16,1,EDGE D,,,
LAC,W5,1,5,01:41,17,1,EDGE D,,,
LAC,W5,1,5,01:37,18,1,EDGE D,,,
LAC,W5,1,5,01:34,19,0,EDGE D,,,
LAC,W5,1,7,00:38,20,0,EDGE D,,,
LAC,W5,2,7,15:00,21,0,EDGE D,,,
LAC,W5,2,9,13:26,22,1,EDGE D,TRUE,,
LAC,W5,2,11,07:45,23,1,EDGE D,,,
LAC,W5,2,11,07:05,24,0,EDGE D,,,
LAC,W5,2,11,06:22,25,1,EDGE D,,,
LAC,W5,2,11,06:11,26,0,EDGE D,,,
LAC,W5,2,11,05:32,27,1,EDGE D,,,
LAC,W5,2,11,04:46,28,0,EDGE D,,,
LAC,W5,2,11,04:04,29,0,EDGE D,,,
LAC,W5,2,11,03:24,30,1,EDGE D,,,
LAC,W5,2,11,02:40,31,0,EDGE D,,,
LAC,W5,2,13,01:51,32,0,EDGE D,,,
LAC,W5,2,13,01:11,33,0,EDGE D,,,
LAC,W5,2,13,01:04,34,1,EDGE D,,,
LAC,W5,3,16,11:53,35,1,EDGE D,,,
LAC,W5,3,16,11:10,36,0,EDGE D,,,
LAC,W5,3,16,10:32,37,0,EDGE D,,,
LAC,W5,3,16,09:36,38,1,EDGE D,,,
LAC,W5,3,16,08:51,39,1,EDGE D,,,
LAC,W5,3,16,08:08,40,0,EDGE D,,,
LAC,W5,3,16,07:24,41,1,EDGE D,,,
LAC,W5,3,18,06:01,42,0,EDGE D,,,
LAC,W5,3,18,05:15,43,0,EDGE D,,,
LAC,W5,3,18,04:33,44,1,EDGE D,,,
LAC,W5,3,18,04:29,45,1,EDGE D,,,
LAC,W5,3,18,03:44,46,1,EDGE D,,,
LAC,W5,3,18,03:02,47,0,EDGE D,,,
LAC,W5,3,18,02:19,48,0,EDGE D,,,
LAC,W5,3,18,01:35,49,0,EDGE D,,,
LAC,W5,3,18,00:53,50,0,EDGE D,,,
LAC,W5,3,18,00:13,51,1,EDGE D,,,
LAC,W5,4,18,15:00,52,0,EDGE D,,,
LAC,W5,4,18,14:22,53,1,EDGE D,,,
LAC,W5,4,20,14:05,54,0,EDGE D,,,
LAC,W5,4,22,12:50,55,0,EDGE D,,,
LAC,W6,1,2,12:54,1,1,EDGE D,,,
LAC,W6,1,2,12:15,2,1,EDGE D,,,
LAC,W6,1,2,11:47,3,1,EDGE D,,,
LAC,W6,1,2,11:13,4,0,EDGE D,,,
LAC,W6,1,2,10:34,5,1,EDGE D,,,
LAC,W6,1,4,06:21,6,0,EDGE D,,,
LAC,W6,1,4,05:46,7,0,EDGE D,,,
LAC,W6,1,4,04:57,8,1,EDGE D,TRUE,,
LAC,W6,1,6,01:47,9,0,EDGE D,,,
LAC,W6,1,6,01:13,10,1,EDGE D,,,
LAC,W6,1,6,00:32,11,1,EDGE D,,,
LAC,W6,2,6,15:00,12,1,EDGE D,TRUE,,
LAC,W6,2,6,14:54,13,1,EDGE D,,,
LAC,W6,2,6,14:14,14,0,EDGE D,,,
LAC,W6,2,6,13:30,15,1,EDGE D,,,
LAC,W6,2,6,11:55,16,1,EDGE D,,,
LAC,W6,2,6,11:50,17,1,EDGE D,,,
LAC,W6,2,8,09:31,18,0,EDGE D,,,
LAC,W6,2,8,08:08,19,0,EDGE D,,,
LAC,W6,2,10,02:23,20,1,EDGE D,,,
LAC,W6,2,10,02:18,21,1,EDGE D,,,
LAC,W6,2,10,02:00,22,1,EDGE D,,,Yes
LAC,W6,2,10,01:35,23,1,EDGE D,,,
LAC,W6,2,10,01:30,24,1,EDGE D,,,Yes
LAC,W6,2,10,01:22,25,1,EDGE D,,,
LAC,W6,2,10,01:15,26,1,EDGE D,,,
LAC,W6,3,12,14:29,27,1,EDGE D,,,
LAC,W6,3,12,14:23,28,1,EDGE D,,,Yes
LAC,W6,3,12,13:43,29,0,EDGE D,,,
LAC,W6,3,12,13:13,30,0,EDGE D,,,
LAC,W6,3,12,12:52,31,0,EDGE D,,,
LAC,W6,3,12,11:54,32,1,EDGE D,,,
LAC,W6,3,12,11:20,33,1,EDGE D,,,
LAC,W6,3,12,11:00,34,0,EDGE D,,,
LAC,W6,3,12,10:17,35,1,EDGE D,TRUE,Yes,Yes
LAC,W6,3,12,09:35,36,1,EDGE D,,,
LAC,W6,3,12,09:30,37,1,EDGE D,TRUE,,
LAC,W6,3,12,08:47,38,1,EDGE D,,,
LAC,W6,3,14,06:10,39,0,EDGE D,,,
LAC,W6,3,14,05:32,40,1,EDGE D,,,
LAC,W6,3,14,05:00,41,1,EDGE D,,,Yes
LAC,W6,3,14,04:30,42,1,EDGE D,,,
LAC,W6,3,14,03:59,43,1,EDGE D,,,
LAC,W6,3,14,03:24,44,1,EDGE D,,,
LAC,W6,3,14,02:48,45,0,EDGE D,,,
LAC,W6,3,14,02:02,46,1,EDGE D,,,
LAC,W6,3,14,01:15,47,1,EDGE D,,,
LAC,W6,4,16,11:19,48,1,EDGE D,,,
LAC,W6,4,16,11:09,49,0,EDGE D,,,
LAC,W6,4,16,10:06,50,1,EDGE D,TRUE,Yes,Yes
LAC,W6,4,16,09:00,51,1,EDGE D,,,
LAC,W6,4,17,08:36,52,0,EDGE D,,,
LAC,W6,4,17,07:58,53,1,EDGE D,TRUE,Yes,Yes
LAC,W6,4,17,07:54,54,1,EDGE D,,,
LAC,W6,4,17,07:15,55,1,EDGE D,,,
LAC,W6,4,19,02:15,56,1,EDGE D,,,
LAC,W6,4,19,02:00,57,1,EDGE D,TRUE,,Yes
LAC,W6,4,19,01:29,58,1,EDGE D,TRUE,,
